state,orders,on_time_pct,avg_delivery_days
AL,397,76.07,24.54
MA,717,80.33,21.57
PI,476,84.03,19.46
CE,1279,84.68,21.27
SE,335,84.78,21.52
BA,3256,85.96,19.34
RJ,12350,86.53,15.31
TO,274,87.23,17.66
PA,946,87.63,23.77
ES,1995,87.77,15.79
MS,701,88.45,15.62
PB,517,88.97,20.43
PE,1593,89.2,18.45
RN,474,89.24,19.28
SC,3546,90.24,14.95
GO,1957,91.82,15.61
RS,5344,92.85,15.3
DF,2080,92.93,12.97
MT,886,93.23,18.06
SP,40494,94.11,8.76
MG,11354,94.39,12.01
PR,4923,95.0,11.99
AM,145,95.86,26.43
RO,243,97.12,19.37
