month,orders,on_time_pct,avg_delivery_days
2016-10,265,98.87,19.6
2017-01,750,96.93,12.65
2017-02,1653,96.79,13.17
2017-03,2546,94.42,12.95
2017-04,2303,92.14,14.92
2017-05,3545,96.39,11.32
2017-06,3135,96.14,12.01
2017-07,3872,96.57,11.59
2017-08,4193,96.68,11.15
2017-09,4150,94.8,11.85
2017-10,4478,94.71,11.86
2017-11,7288,85.69,15.16
2017-12,5513,91.62,15.39
2018-01,7069,93.44,14.08
2018-02,6555,84.01,16.95
2018-03,7003,78.64,16.3
2018-04,6798,94.69,11.5
2018-05,6749,91.76,11.42
2018-06,6096,98.64,9.24
2018-07,6156,95.52,8.96
2018-08,6351,89.61,7.73
